{
  "schema_version": 1,
  "ticket": "DGX-001",
  "scope": "complete nine-arm first sweep; repetitions 2-3 stopped after upstream announced final measurement schema v2",
  "verdict": "INCOMPLETE",
  "git_commit": "d15f4a3fe6349c61f6bc39345427ea5482f1f404",
  "image_id": "sha256:23a1bee69fe189e77105cdddeee9aeff6ef0763d58a691625fbfcab64efd1887",
  "conditions": {
    "precision": "bf16",
    "deterministic": true,
    "warmup_optimizer_steps": 10,
    "measured_optimizer_steps": 20,
    "effective_trained_targets_per_step": 32768,
    "cuda_events": true,
    "data": "pinned DATA-004 Japanese/English train and validation selections",
    "wandb": "disabled",
    "network": "none"
  },
  "candidates": [
    {
      "id": "p70-ctx1024",
      "parameters": 70828682,
      "context": 1024,
      "micro_batch": 8,
      "trained_targets_per_second": 18630.28525292285,
      "step_seconds_median_p95_max": [1.7588522465002825, 1.7688961906997975, 1.7692490909994376],
      "data_wait_fraction": 0.08543017339274336,
      "allocator_peak_bytes": 12278467072,
      "allocator_baseline_growth_bytes": 0,
      "host_min_available_bytes": 105849438208,
      "max_temperature_c": 57.0,
      "checkpoint_size_bytes": 851863865,
      "validation_seconds": 6.684069986000395,
      "passed": true
    },
    {
      "id": "p70-ctx2048",
      "parameters": 70828682,
      "context": 2048,
      "micro_batch": 4,
      "trained_targets_per_second": 12377.005509176934,
      "step_seconds_median_p95_max": [2.647375837999789, 2.664874829399923, 2.6959130089999235],
      "data_wait_fraction": 0.029021602668876992,
      "allocator_peak_bytes": 14108388352,
      "allocator_baseline_growth_bytes": 0,
      "host_min_available_bytes": 103655751680,
      "max_temperature_c": 62.0,
      "checkpoint_size_bytes": 853453689,
      "validation_seconds": 7.0888891510003305,
      "passed": true
    },
    {
      "id": "p70-ctx4096",
      "parameters": 70828682,
      "context": 4096,
      "micro_batch": 2,
      "trained_targets_per_second": 6009.0130522144245,
      "step_seconds_median_p95_max": [5.449864181000521, 5.488992164699539, 5.5194238320000295],
      "data_wait_fraction": 0.00841425683309147,
      "allocator_peak_bytes": 17726449664,
      "allocator_baseline_growth_bytes": 0,
      "host_min_available_bytes": 100095148032,
      "max_temperature_c": 64.0,
      "checkpoint_size_bytes": 856600185,
      "validation_seconds": 8.530549948000044,
      "passed": true
    },
    {
      "id": "p85-ctx1024",
      "parameters": 85024394,
      "context": 1024,
      "micro_batch": 8,
      "trained_targets_per_second": 14233.955242492246,
      "step_seconds_median_p95_max": [2.2918251630007944, 2.354194971499055, 2.3636742329999834],
      "data_wait_fraction": 0.07340097258779224,
      "allocator_peak_bytes": 13634960896,
      "allocator_baseline_growth_bytes": 0,
      "host_min_available_bytes": 105077035008,
      "max_temperature_c": 69.0,
      "checkpoint_size_bytes": 1022350272,
      "validation_seconds": 7.144137095001497,
      "passed": true
    },
    {
      "id": "p85-ctx2048",
      "parameters": 85024394,
      "context": 2048,
      "micro_batch": 4,
      "trained_targets_per_second": 9323.141997694123,
      "step_seconds_median_p95_max": [3.515114021500267, 3.5261891018501954, 3.528620871000385],
      "data_wait_fraction": 0.021733230355178733,
      "allocator_peak_bytes": 16264035840,
      "allocator_baseline_growth_bytes": 0,
      "host_min_available_bytes": 103753531392,
      "max_temperature_c": 71.0,
      "checkpoint_size_bytes": 1023940096,
      "validation_seconds": 7.748971360999349,
      "passed": true
    },
    {
      "id": "p85-ctx4096",
      "parameters": 85024394,
      "context": 4096,
      "micro_batch": 2,
      "trained_targets_per_second": 4317.713581128586,
      "step_seconds_median_p95_max": [7.587384778498745, 7.6031511381002925, 7.626356200998998],
      "data_wait_fraction": 0.006141507582162227,
      "allocator_peak_bytes": 21501960192,
      "allocator_baseline_growth_bytes": 0,
      "host_min_available_bytes": 98016010240,
      "max_temperature_c": 70.0,
      "checkpoint_size_bytes": 1027086528,
      "validation_seconds": 9.476213960000678,
      "passed": true
    },
    {
      "id": "p99-ctx1024",
      "parameters": 99220106,
      "context": 1024,
      "micro_batch": 8,
      "trained_targets_per_second": 11900.279179282623,
      "step_seconds_median_p95_max": [2.752590479499304, 2.770616077350769, 2.793840373000421],
      "data_wait_fraction": 0.047350276296564305,
      "allocator_peak_bytes": 14991817216,
      "allocator_baseline_growth_bytes": 0,
      "host_min_available_bytes": 104403632128,
      "max_temperature_c": 71.0,
      "checkpoint_size_bytes": 1192836992,
      "validation_seconds": 7.996529717000158,
      "passed": true
    },
    {
      "id": "p99-ctx2048",
      "parameters": 99220106,
      "context": 2048,
      "micro_batch": 4,
      "trained_targets_per_second": 7400.189282557987,
      "step_seconds_median_p95_max": [4.426940564500001, 4.446717190750133, 4.451951819000897],
      "data_wait_fraction": 0.01572778673601889,
      "allocator_peak_bytes": 18431318016,
      "allocator_baseline_growth_bytes": 0,
      "host_min_available_bytes": 102213955584,
      "max_temperature_c": 71.0,
      "checkpoint_size_bytes": 1194426816,
      "validation_seconds": 9.022161097000208,
      "passed": true
    },
    {
      "id": "p99-ctx4096",
      "parameters": 99220106,
      "context": 4096,
      "micro_batch": 2,
      "trained_targets_per_second": 3358.0568080272305,
      "step_seconds_median_p95_max": [9.745758459500394, 9.807261377200302, 9.875868576000357],
      "data_wait_fraction": 0.007456353060406095,
      "allocator_peak_bytes": 25268459520,
      "allocator_baseline_growth_bytes": 0,
      "host_min_available_bytes": 91037433856,
      "max_temperature_c": 70.0,
      "checkpoint_size_bytes": 1197573248,
      "validation_seconds": 10.913724772999558,
      "passed": true
    }
  ],
  "common_gates": {
    "all_nine_passed_reprojected_gates": true,
    "swap_in_pages": 0,
    "swap_out_pages": 0,
    "minimum_sampler_coverage": 0.9925053948455249
  },
  "interpretation": {
    "provisional_rule_result": "p70-ctx1024",
    "selection_status": "not selected: only one repetition and final VAL requires schema-v2 segmented evidence",
    "named_bottleneck": "backward CUDA work; context scaling sharply reduces throughput",
    "reason_stopped": "known final measurement schema changed before repetitions 2-3; avoid non-decision compute"
  },
  "raw_evidence": {
    "root": "/tmp/dgx-001-matrix-d15f4a3",
    "plan_sha256": "4f551196399fa971ff85cac2c57087ee36071409b09a8ddfdd0d33de3218e4e6",
    "commands_sha256": "c56566180305b492c081806eb70df0960df5d898eed0834276af2fa24c4346a5"
  }
}
